Modello,Media Similarità,Minima Similarità,Massima Similarità
SBBIU (Sentence Italian BERT),0.639118583902089,0.1389663675804188,0.9650060312094074
SBBIU (Sentence Italian BERT XXL),0.6508946656943803,0.19208955695049562,0.9733792593020215
Base-Bert(Italian BERT base),0.8931000974647634,0.8073811569896248,0.9747885973977386
Base-Bert(Italian BERT XXL),0.814302167376845,0.63610609995404,0.9547914152732782
BERTino (Italian GPT2),0.5969934256735009,0.04874545371600097,0.9754461558270079
